"","marital","mean_tv_hours"
"1","No answer",2.75
"2","Never married",3.35900783289817
"3","Separated",3.65129682997118
"4","Divorced",3.12121212121212
"5","Widowed",3.91523713420787
"6","Married",2.65309584393554
