"","marital","mean_tv_hours"
"1","No answer",2.55555555555556
"2","Never married",3.10517529215359
"3","Separated",3.54961832061069
"4","Divorced",3.085407239819
"5","Widowed",3.912
"6","Married",2.65042536736272
